value,n,percent
BPL b,1,0.006756756756756757
Cohen's d,1,0.006756756756756757
Hedges' g,3,0.02027027027027027
incidence ratio,3,0.02027027027027027
log means,26,0.17567567567567569
log of d,1,0.006756756756756757
log ratio,41,0.27702702702702703
mean diff,10,0.06756756756756757
means,54,0.36486486486486486
odds ratio,3,0.02027027027027027
response ratio,5,0.033783783783783786
Total,148,1
